index,yearID,lgID,G,AB,R,H,2B,3B,HR,RBI,SB,CS,BB,SO,IBB,HBP,SH,SF,GIDP,1B,TB,obp,slg,ops,missed_any,bt_same,p_pos,height,weight,age,yoe,yoe_adj,ops_per_delta,Prediction_NonBreakout,Prediction_Breakout,playerID,test_height,first name,last name
497,1988.4,1,117.8,391,67.4,114.6,20.2,1.6,18.8,63.6,15.6,4,60,81.2,5.4,2,0.8,2.8,7.8,74,194.4,0.3901318,0.505377068,0.895508868,1,0,4,71,195,25.4,2.4,2,0.056584042,0.09832245,0.90167755,danieka01,71,Kal,Daniels
208,1993.5,0,106,324.5,46,92,18,1.5,12,53,1.5,3.5,34.5,79,2.5,1.5,2,2,12,60.5,149,0.352316799,0.455985537,0.808302336,1,1,5,74,190,28.5,4.5,0.5,0.026285237,0.140474909,0.859525091,blowemi01,74,Mike,Blowers
353,2003,1,105,227,31,59,10,1,1,10,5,2,19,39,0,3,9,2,10,47,74,0.322709163,0.325991189,0.648700353,1,1,5,70,175,29,1,0,-0.116874326,0.158720331,0.841279669,carroja01,70,Jamey,Carroll
302,1973.5,0,102,313,54,91.5,12.5,7,4,26.5,17.5,7,27.5,47.5,1,2,2,2,4,68,130,0.343306375,0.401851852,0.745158227,1,0,4,68,170,26.5,1.5,0.5,0.027024983,0.18369386,0.81630614,bumbral01,68,Al,Bumbry
221,2017.5,0,91,310,43,75.5,15.5,1.5,10.5,31.5,0.5,1,32,94.5,0.5,2,0.5,1.5,5.5,48,125.5,0.316086436,0.396230579,0.712317015,1,1,4,73,220,24.5,0.5,0.5,-0.076178762,0.202133797,0.797866203,bonifjo01,73,Jorge,Bonifacio
368,1987,0,116,321,44,72,11,4,3,28,15,7,33,76,0,3,14,1,2,54,100,0.301675978,0.31152648,0.613202457,1,0,5,71,162,25,1,0,0.146715497,0.217501418,0.782498582,castiju01,71,Juan,Castillo
103,1984,0,142.4444444,539.7777778,67.33333333,154.5555556,27.44444444,4.777777778,19.22222222,84.77777778,3.222222222,2,41.77777778,81.11111111,8.444444444,1,0.888888889,6,14.44444444,103.1111111,249.2222222,0.333255701,0.462492655,0.795748357,1,1,4,74,175,25,4,4,0.020679488,0.230970831,0.769029169,baineha01,74,Harold,Baines
474,1979.5,1,146.1666667,556.3333333,66.5,157.1666667,32.5,4.666666667,9.5,54.33333333,6.5,4.833333333,43.83333333,54.83333333,13,2.833333333,2.5,4.166666667,13.83333333,110.5,227.5,0.338455333,0.409589639,0.748044972,1,1,4,72,190,26.5,5.5,2.5,-0.001988488,0.2402902,0.7597098,cromawa01,72,Warren,Cromartie
4,1991,0.5,94,196,19,51.5,9.5,0.5,1,15.5,1.5,2.5,10.5,31.5,1.5,2.5,2,2,3,40.5,65,0.304361568,0.330372074,0.634733641,1,1,4,73,190,25,4,0.5,0.087452475,0.245196332,0.754803668,abnersh01,73,Shawn,Abner
367,2006,1,115.4,377.2,41.4,95.6,20.4,2,7.8,43.2,2.6,2.2,21.8,73.6,3.8,1.8,1.4,2.6,14.4,65.4,143.4,0.293019989,0.37643082,0.669450809,1,1,5,73,210,25,2,2,-0.009589701,0.256166673,0.743833327,castijo02,73,Jose,Castillo
107,2005.5,0,111.5,417.25,62.5,119.25,21.75,4.5,12.5,58,13.75,3.75,21.25,80.75,1.75,6.25,1.5,3.75,7.5,80.5,187.5,0.325272717,0.45465159,0.779924307,0,1,4,76,190,24.5,2.5,1.5,0.041528335,0.25678656,0.74321344,baldero01,76,Rocco,Baldelli
321,2004.5,1,98.25,313.5,45.5,82.5,16,2.25,4.75,30.5,5.25,1.75,26.5,64,1.5,5.25,3,2.5,7.25,59.5,117.25,0.322131627,0.367218626,0.689350253,1,1,4,72,245,27.5,2.5,1.5,0.037223232,0.258595006,0.741404994,byrdma01,72,Marlon,Byrd
416,1998.5,0,124.1666667,455,69.66666667,126.5,25.16666667,1,25.5,83.83333333,1,1.5,55.83333333,115.1666667,6.333333333,2.166666667,0,4.166666667,12,74.83333333,230.1666667,0.35298621,0.506978585,0.859964795,1,0,4,80,205,26.5,3.5,2.5,0.03518703,0.275722582,0.724277418,clarkto02,80,Tony,Clark
97,1993.5,0.125,131.5,509.5,74.75,151.875,26.875,2,14,76.5,6.25,2.625,26.75,53.75,4,6,2.25,6.5,12.625,109,224.75,0.331873158,0.437820702,0.76969386,1,0,5,71,165,25.5,3.5,3.5,0.06976349,0.283039197,0.716960803,baergca01,71,Carlos,Baerga
171,1978,1,104,186,15,43,5,1,0,12,2,0,39,32,9,0,1,2,5,37,50,0.36123348,0.268817204,0.630050684,1,1,4,73,185,25,3,0,-0.060208945,0.304055816,0.695944184,bergmda01,73,Dave,Bergman
450,2017,1,100,202,17,42,2,2,4,15,2,2,18,54,1,4,0,3,2,34,60,0.281938326,0.297029703,0.578968029,1,1,5,73,175,22,0,0,-0.267696638,0.304231885,0.695768115,cordoal01,73,Allen,Cordoba
345,2016,0,90.5,307,38.5,74,17.5,2,10.5,42,4.5,1,20,76,0,7,0,2,7,44,127,0.288748002,0.403903373,0.692651374,1,1,4,74,209,27,1,0.5,0.017473537,0.311563106,0.688436894,canhama01,74,Mark,Canha
385,2016,0,55,176,16,46,12,1,3,25,0,0,12,38,0,1,3,0,8,30,69,0.312169312,0.392045455,0.704214767,1,0,3,69,195,27,3,0,-0.101490901,0.327023705,0.672976295,centeju01,69,Juan,Centeno
459,1974,0,110,269,28,65,7,1,1,25,5,0,23,38,0,1,2,1,10,56,77,0.302721088,0.286245353,0.588966442,1,1,4,73,197,23,0,0,-0.079356708,0.353200102,0.646799898,cowenal01,73,Al,Cowens
84,1972.666667,0.333333333,105.6666667,320,30,69,11.66666667,1,1,17,10,4,27,41.33333333,3,1.333333333,3.333333333,0.333333333,8.333333333,55.33333333,85.66666667,0.281952279,0.267966078,0.549918357,1,1,5,72,165,22.66666667,1.666666667,1,-0.027903504,0.354795826,0.645204174,auerbri01,72,Rick,Auerbach
183,2008.3,0.1,109.6,391.6,42.1,104,20.9,3.3,6.6,42.4,3.3,3.2,14.1,38.3,0.7,0.9,4.4,3.9,10.8,73.2,151.3,0.286753971,0.376909843,0.663663814,1,1,5,70,205,26.3,3.3,3.3,-0.005357685,0.358253749,0.641746251,betanyu01,70,Yuniesky,Betancourt
23,2014,1,70,278,31,57,11,2,10,29,8,5,17,93,0,2,1,2,3,34,102,0.254180602,0.366906475,0.621087077,1,0,5,70,170,23,0,0,-0.148261195,0.363498707,0.636501293,alcanar01,70,Arismendy,Alcantara
30,1986,0,101,293,30,66,7,3,1,29,10,1,14,36,0,1,11,4,7,55,82,0.259615385,0.279863481,0.539478866,1,1,3,77,220,25,0,0,-0.237533783,0.377725291,0.622274709,allanan01,77,Andy,Allanson
287,2016,1,75,173,17,41,7,0,5,19,0,1,10,39,0,1,0,0,2,29,63,0.282608696,0.36416185,0.646770545,1,1,3,74,193,25,1,0,-0.03783455,0.387266474,0.612733526,browntr01,74,Trevor,Brown
48,2019,0,87,313,58,98,26,0,27,78,0,0,52,94,4,2,0,2,9,45,205,0.411924119,0.654952077,1.066876196,1,0,4,77,225,22,0,0,0.306254604,0.393219068,0.606780932,alvaryo01,77,Yordan,Alvarez
322,2004.5,0,81,283.5,41.5,72.66666667,18.33333333,3,8.666666667,32.33333333,6.166666667,1.166666667,23,50.33333333,0.666666667,5,1,1.5,4.333333333,42.66666667,123,0.307274165,0.412190513,0.719464678,1,1,4,74,200,28.5,4.5,1.5,-0.042703976,0.395726934,0.604273066,byrneer01,74,Eric,Byrnes
225,1974.5,1,127.25,414.75,37.75,105.75,19,2.25,4.75,46.75,2.25,3.25,38.25,30.75,9.25,1.5,6,5.25,10.25,79.75,143.5,0.318861652,0.345193826,0.664055479,1,1,4,74,195,27.5,2.5,1.5,0.095185055,0.401620463,0.598379537,boonebo01,74,Bob,Boone
191,2004,0,96.33333333,323.6666667,47,90.66666667,15.66666667,1,9.666666667,40,6,2.333333333,31.66666667,74,1.333333333,0.333333333,3,2.666666667,3.666666667,64.33333333,137.3333333,0.340033148,0.419003548,0.759036696,1,0,4,76,190,27,3,1,-0.021694275,0.407678534,0.592321466,bigbila01,76,Larry,Bigbie
182,2019,1,73,256,52,70,14,1,6,24,17,3,24,73,0,6,0,1,2,49,104,0.348432056,0.40625,0.754682056,1,1,5,70,190,29,1,0,0.104912164,0.409292002,0.590707998,bertijo01,70,Jon,Berti
526,2018.5,1,106.75,397,59.25,99.5,22,0.75,19.25,59,3,1.5,34,111.5,1,7.5,0,4,8.25,57.5,180.75,0.319387508,0.439699602,0.759087111,1,1,5,72,205,25.5,1.5,1.5,0.010672192,0.414262936,0.585737064,dejonpa01,72,Paul,DeJong
270,1982,1,124.6666667,467,42.33333333,123.6666667,20,2.666666667,3.666666667,45.33333333,7,4,25,79,3,3.333333333,3.666666667,4.666666667,11.33333333,97.33333333,160,0.308653664,0.34957343,0.658227094,1,1,5,72,178,26,2,1,-0.080601659,0.418212575,0.581787425,brookhu01,72,Hubie,Brooks
548,1991,0,96,182,24,48,7,0,1,22,0,1,15,18,0,0,4,1,5,40,58,0.318181818,0.318681319,0.636863137,1,1,5,70,145,29,4,0,-0.027027864,0.426702298,0.573297702,diazma01,70,Mario,Diaz
342,2014.5,1,78,181.5,22,42,8.5,0,3,17.5,4,1.5,21.5,46,0.5,2.5,0.5,2.5,8,30.5,59.5,0.317235002,0.326346212,0.643581214,1,1,5,75,215,27.5,0.5,0.5,0.039913939,0.435270434,0.564729566,campber01,75,Eric,Campbell
134,2018.5,0,106.5,347.5,47,74.5,19,1.5,11.5,45.5,4.5,4.5,49.5,109.5,0,3,1,4.5,3,42.5,131,0.314059457,0.377434335,0.691493792,1,1,4,73,195,23.5,0.5,0.5,-0.119376165,0.43817207,0.56182793,bauerja01,73,Jake,Bauers
247,1987.5,0,94,286.5,29.25,78.75,14,1.25,4.25,35.25,0.75,0.75,16.25,16,2.5,2,2,3.5,10.25,59.25,108,0.31792927,0.383625402,0.701554672,1,0,4,71,185,27.5,3.5,1.5,-0.030307122,0.444487179,0.555512821,bradlsc01,71,Scott,Bradley
71,2016.5,1,134.875,514.75,81.125,150.75,32.75,3.375,29.375,95,2,1.875,45.25,85.5,7.25,2.75,0.625,6.25,15.125,85.25,278.375,0.342973697,0.526728651,0.869702348,1,1,2,74,215,25.5,3.5,3.5,0.004271297,0.448928452,0.551071548,arenano01,74,Nolan,Arenado
257,1997.5,0.5,79.5,201,24,50,10,2,2.5,19,4,1,22.5,40.5,1,1.5,0.5,0.5,3.5,35.5,71.5,0.329171105,0.357472691,0.686643796,1,1,4,76,190,26.5,1.5,0.5,-0.034367659,0.450595968,0.549404032,bredebr01,76,Brent,Brede
344,2018.5,0,119,437,55.5,94.5,22.5,2.5,13.5,43,3,1.5,54.5,129.5,1,8,0,3,3.5,56,162.5,0.311169612,0.365317199,0.67648681,1,0,2,73,221,25.5,2.5,0.5,-0.103966616,0.452979745,0.547020255,candeje01,73,Jeimer,Candelario
27,1995.5,1,112,351.5,31,94.5,14,3.5,4,40.5,1.5,0.5,18.5,46.5,1.5,0.5,6.5,4.5,7.5,73,127.5,0.302578232,0.363599124,0.666177356,1,1,5,71,210,22.5,0.5,0.5,-0.000686536,0.464864571,0.535135429,alfoned01,71,Edgardo,Alfonzo
341,2012,1,89,174,26,46,6,0,0,5,30,3,11,43,0,0,7,0,0,40,52,0.308108108,0.298850575,0.606958683,1,1,4,68,170,26,1,0,-0.11823293,0.476346581,0.523653419,campato01,68,Tony,Campana
31,2000,0,97,328,44.5,89.5,17,2.5,7,33,7.5,4.5,28,63,1,1,0.5,1.5,8.5,63,132.5,0.331417625,0.411790912,0.743208536,1,1,4,73,195,25,1,0.5,0.03714476,0.489314294,0.510685706,allench01,73,Chad,Allen
268,1997,1,129.4,482,65,130,27.6,2.2,18.6,78.6,5.4,3,38.8,106.8,5.4,0.8,0.4,4.8,11.4,81.6,217.8,0.321468922,0.449691218,0.77116014,1,1,0,74,205,27,5,2,0.021775966,0.49276502,0.50723498,brognri01,74,Rico,Brogna
354,2010,1,100,167,15,44,9,0,4,24,1,2,12,17,0,1,0,0,2,31,65,0.316666667,0.389221557,0.705888224,1,1,4,72,230,28,2,0,0.261496454,0.49293102,0.50706898,cartech01,72,Chris,Carter
29,1988,1,93,297,20,63,10,4,1,24,1,1,25,32,4,2,4,2,12,48,84,0.27607362,0.282828283,0.558901902,1,0,5,69,165,23,0,0,0.112602029,0.496040567,0.503959433,alicelu01,69,Luis,Alicea
114,1993.5,0.75,101.75,317.25,35.75,84.75,15.25,1,3.25,28.25,4,3,34.75,58.75,2,7.5,3.5,2,5.25,65.25,111.75,0.351449563,0.345544229,0.696993791,1,0,5,71,185,26.5,2.5,1.5,-0.041676517,0.499881084,0.500118916,barbebr01,71,Bret,Barberie
91,2007,0,79,194,18,46,5,1,1,19,4,4,10,32,0,2,3,2,8,39,56,0.278846154,0.288659794,0.567505948,1,0,5,70,195,23,1,0,-0.023740262,0.500426666,0.499573334,aybarer01,70,Erick,Aybar
399,1977.5,0,97.5,229.5,26.5,61,14,0.5,2,29,0.5,1.5,21.5,21,2,2,2,5,7,44.5,82,0.328178694,0.355625218,0.683803912,1,1,4,71,170,28.5,6.5,0.5,0.032680688,0.503590663,0.496409337,chileri01,71,Rich,Chiles
149,1981,0,60,163,19,38,2,1,5,12,3,2,5,27,1,0,0,0,1,30,57,0.255952381,0.349693252,0.605645632,0,1,4,73,190,22,0,0,-0.201742472,0.504157511,0.495842489,bellge02,73,George,Bell
408,2005,0.6,110.4,363,44,101.4,18.6,3.8,6.4,41.6,3.6,2.4,18.2,39,1.2,1.6,4,2.8,8.2,72.6,146.8,0.309723403,0.396830283,0.706553686,1,0,5,74,210,27,4,2,-0.012914001,0.507591102,0.492408898,cintral01,74,Alex,Cintron
433,1974,0,107.6666667,331,43,73,12.66666667,4.666666667,8.333333333,34,10.66666667,5,36.66666667,62.33333333,1.666666667,2.333333333,5,1,5.333333333,47.33333333,120,0.294787288,0.354162159,0.648949446,1,1,4,71,183,23,1,1,-0.032232889,0.518846913,0.481153087,colucbo01,71,Bob,Coluccio
110,2016.5,0.5,65,189,18.5,42,7.5,0,7,21.5,1,0,13,44.5,0,4,1.5,2,5,27.5,70.5,0.283967898,0.370728462,0.65469636,1,1,3,76,235,26.5,1.5,0.5,-0.045395183,0.528812681,0.471187319,bandyje01,76,Jett,Bandy
362,2007,0,56,189,15,42,5,1,0,9,11,1,9,29,0,0,5,1,5,36,49,0.256281407,0.259259259,0.515540666,1,0,5,69,190,23,1,0,-0.111243421,0.529780345,0.470219655,casilal01,69,Alexi,Casilla
190,1991,0,118.3333333,393.6666667,43.33333333,102,20,2,11.66666667,51,12.33333333,5.666666667,18,86.66666667,2.666666667,2.333333333,1.333333333,3.666666667,10.33333333,68.33333333,161,0.293964067,0.410535979,0.704500046,1,1,4,75,215,28,3,1,0.06410238,0.534947112,0.465052888,bicheda01,75,Dante,Bichette
277,2013,1,68,150,16,34,5,0,7,24,1,0,13,44,0,0,2,0,3,22,60,0.288343558,0.4,0.688343558,1,1,4,72,200,29,2,0,-0.144105833,0.538313158,0.461686842,brownan02,72,Andrew,Brown
551,2005,1,89,280,41,72,17,3,12,38,6,2,30,82,7,1,0,2,13,40,131,0.329073482,0.467857143,0.796930625,1,1,4,72,210,24,1,0,0.156345185,0.539749007,0.460250993,diazvi01,72,Victor,Diaz
65,2012,0,153.4285714,588.4285714,81.85714286,159,25.14285714,4.285714286,3.857142857,52.42857143,31,10.71428571,51.57142857,87.71428571,0.285714286,4.285714286,13.57142857,4.142857143,13.71428571,125.7142857,204.2857143,0.331234279,0.347756633,0.678990911,1,1,5,72,210,24,3,3,0.028023288,0.539955259,0.460044741,andruel01,72,Elvis,Andrus
229,1988.5,0,75,197.5,18.5,52,8.5,2,4,25,1,0.5,7,34.5,1,0.5,1.5,1.5,6,37.5,76.5,0.287503103,0.398299833,0.685802935,1,1,3,74,190,25.5,0.5,0.5,0.029368594,0.541935867,0.458064133,bordepa01,74,Pat,Borders
561,2011,0,78,219,34,55,13,0,7,28,5,2,11,36,1,3,2,0,3,35,89,0.296137339,0.406392694,0.702530033,1,1,4,72,195,25,0,0,0.126895919,0.544664882,0.455335118,dirksan01,72,Andy,Dirks
106,1985,0,141.3333333,516.6666667,62,123.3333333,25.33333333,1.666666667,31,84.33333333,0.333333333,0.333333333,46.66666667,150.3333333,3.666666667,3.333333333,0,4,10.33333333,65.33333333,245,0.304265175,0.475185146,0.779450321,0,1,0,75,225,28,4,1,0.076445718,0.560464231,0.439535769,balbost01,75,Steve,Balboni
165,2018,0,145.6666667,564.3333333,86.33333333,155.6666667,35.66666667,4,16.33333333,81.66666667,17,3.666666667,66.66666667,119.3333333,3,5,2,6.666666667,10.33333333,99.66666667,248.3333333,0.353480348,0.439787272,0.79326762,1,1,4,69,180,24,2,1,0.053931444,0.560623432,0.439376568,beninan01,69,Andrew,Benintendi
493,1992,0,108.3333333,338.3333333,54,81.66666667,12.33333333,5,2,26.66666667,20.66666667,5.666666667,27,69,0,4,8,1,3.333333333,62.33333333,110,0.295450374,0.322082107,0.617532481,0,0,4,70,175,24,2,1,0.004014992,0.573595334,0.426404666,cuylemi01,70,Milt,Cuyler
57,1980,0,94,237.6666667,30.33333333,54.33333333,9,0.333333333,4.333333333,24,2.666666667,3.666666667,20.33333333,33,0.333333333,1.666666667,5.333333333,1.666666667,5,40.66666667,77,0.291212053,0.319766368,0.610978421,0,1,5,72,170,23,2,1,-0.07621192,0.579937598,0.420062402,anderji01,72,Jim,Anderson
490,1994.5,0,124.3333333,463.8333333,72,125.1666667,22.33333333,2.333333333,11.66666667,51.5,28.5,14,52.83333333,74,1.333333333,4.666666667,4.5,6.166666667,11.33333333,88.83333333,187.1666667,0.345964095,0.406778137,0.752742232,1,1,4,70,175,26.5,2.5,2.5,0.010584603,0.580354447,0.419645553,curtich01,70,Chad,Curtis
355,2013.5,0,122.25,405.5,55,89.5,18.5,0.75,26.5,68.25,2,1,55.5,157,2.25,3.75,0,4.25,7.25,43.75,189,0.321134992,0.470647147,0.791782139,1,1,4,76,245,27.5,3.5,1.5,0.021987072,0.581876856,0.418123144,cartech02,76,Chris,Carter
105,1999,0.666666667,75,227,16.33333333,59,10.66666667,1,1.666666667,20.33333333,0.666666667,0.666666667,23.66666667,62.33333333,4.666666667,0.333333333,1.666666667,2.666666667,3.666666667,45.66666667,76.66666667,0.328793152,0.332535328,0.66132848,1,0,3,74,205,27,1,1,-0.057260454,0.584261636,0.415738364,bakopa01,74,Paul,Bako
536,2015.5,0,97.5,303.5,59.5,74.5,14.5,5,3,25,16.5,5.5,34,77.5,0.5,2.5,5,2.5,1,52,108,0.309664948,0.34365223,0.653317179,1,1,4,69,190,23.5,0.5,0.5,-0.056556237,0.586892077,0.413107923,deshide02,69,Delino,DeShields
269,1975.5,0,91.375,287.625,30.5,70.375,10.5,1.375,3.5,25.75,1.125,2,25.5,21.125,2.25,1,4,3.375,5.75,55,94.125,0.30936855,0.334752733,0.644121283,1,0,2,70,165,25.5,3.5,3.5,0.017092902,0.588778697,0.411221303,brohaja01,70,Jack,Brohamer
19,1981,0,125.4,429.4,54.6,121,22.6,0.4,19.6,75.6,0.4,0.8,55.4,71.8,7.8,3.2,0,5.2,15.8,78.4,203.2,0.365504799,0.47614864,0.841653438,1,0,0,75,220,27,4,2,0.053430635,0.593001681,0.406998319,aikenwi01,75,Willie,Aikens
531,1976.5,0,148.5,491.1666667,48.66666667,123.6666667,17.5,3,4.166666667,46,2,2.5,34.33333333,37.16666667,1.333333333,1.5,14.66666667,5.833333333,9.833333333,99,159.6666667,0.298538194,0.324000606,0.622538801,1,1,5,69,170,25.5,3.5,2.5,-0.037605836,0.600897283,0.399102717,dentbu01,69,Bucky,Dent
320,2017.333333,0,106.3333333,343.6666667,53.66666667,85,21,5.333333333,12,45,17.66666667,2,26.66666667,112,1,3,3.666666667,2,2,46.66666667,152.6666667,0.304208698,0.451955081,0.756163779,1,1,4,74,190,24.33333333,2.333333333,1,-0.01788358,0.609376887,0.390623113,buxtoby01,74,Byron,Buxton
487,1977.5,0,113,349,41.5,94.25,14.25,4.5,5.25,46,1.5,3.5,39.5,39,3.5,1,5.25,3,5.75,70.25,133.25,0.345972291,0.378260447,0.724232738,1,0,2,72,180,27.5,3.5,1.5,-0.005458179,0.618162459,0.381837541,cubbami01,72,Mike,Cubbage
463,2001,0,124,406.6666667,48.66666667,106.6666667,23.66666667,0.666666667,13,52.66666667,2.666666667,1.333333333,43,79.33333333,2.333333333,7.333333333,0,3,11.66666667,69.33333333,170.6666667,0.344109631,0.425386448,0.769496079,1,1,4,76,225,27,2,1,-0.009752306,0.618758707,0.381241293,coxst01,76,Steve,Cox
176,1982,1,125.4,398.6,37.6,96.8,17.2,1.6,7.4,44.6,5.6,3,32.2,66.2,9.8,1.8,5.4,4.4,9,70.6,139.4,0.295311934,0.344555122,0.639867056,1,1,5,72,180,26,5,2,-0.001498197,0.618792677,0.381207323,berrada01,72,Dale,Berra
510,1987.857143,1,114.2857143,390.7142857,75.42857143,105.2857143,16.57142857,2.142857143,24.14285714,73.42857143,33,4.857142857,59.57142857,102,6.571428571,2,0,3.714285714,7.285714286,62.42857143,198.5714286,0.360969911,0.497626323,0.858596234,1,1,4,74,165,25.85714286,3.857142857,3,0.030634074,0.619428057,0.380571943,daviser01,74,Eric,Davis
259,2018,0,111.8,411.6,73,116.4,30.4,2.4,21,68.4,6.8,2,61.8,68.6,1.4,6,0.2,4,8.4,62.6,214.6,0.36657574,0.505491354,0.872067094,1,1,5,72,192,24,2,2,0.04455542,0.628162922,0.371837078,bregmal01,72,Alex,Bregman
28,2006,1,87,286,27,76,17,2,12,39,1,0,9,74,7,7,4,3,10,45,133,0.301639344,0.465034965,0.766674309,1,1,3,71,220,27,0,0,0.269136157,0.63138751,0.36861249,alfonel01,71,Eliezer,Alfonzo
244,2014,0,127,384,45,76,19,2,1,30,8,0,31,121,1,5,1,2,10,54,102,0.265402844,0.265625,0.531027844,1,0,4,70,196,24,1,0,-0.387445784,0.631826678,0.368173322,bradlja02,70,Jackie,Bradley
159,2014,1,116.5714286,391,55.28571429,104.7142857,25.85714286,3.857142857,14,52.71428571,5,2.285714286,52.85714286,107.2857143,2.857142857,3.428571429,0.142857143,2.428571429,4,61,180.2857143,0.348171016,0.454717396,0.802888411,1,1,4,75,231,26,3,3,0.044967961,0.635015428,0.364984572,beltbr01,75,Brandon,Belt
249,1986,0,58,215,19,51,8,2,4,18,1,1,11,47,0,1,2,3,6,37,75,0.273913043,0.348837209,0.622750253,1,1,4,75,210,24,0,0,-0.403946814,0.636517966,0.363482034,bragggl01,75,Glenn,Braggs
54,2019,1,113.6666667,416.3333333,57,110.6666667,24.66666667,2,14,56.33333333,2.333333333,1.666666667,42.66666667,103,1.333333333,12,0,2,11.66666667,70,181.3333333,0.348000759,0.444469862,0.792470621,1,1,4,75,208,26,2,1,0.086750232,0.640149837,0.359850163,anderbr06,75,Brian,Anderson
290,1993,1,103,272,40,73,17,3,6,23,20,8,21,47,4,1,3,2,1,47,114,0.320945946,0.419117647,0.740063593,1,1,4,72,170,28,1,0,0.170525982,0.641817987,0.358182013,brumfja01,72,Jacob,Brumfield
423,1991.5,0,65,165,13,41,9,0,2,17,0.5,0.5,10.5,36,0,1,1.5,0.5,3,30,56,0.297402597,0.338150503,0.6355531,1,0,5,74,180,28.5,5.5,0.5,-0.210641508,0.642609988,0.357390012,cochrda01,74,Dave,Cochrane
415,1993,1,102,240,33,75,17,0,9,33,2,0,8,31,2,5,1,2,2,49,119,0.345098039,0.495833333,0.840931373,1,1,4,72,180,25,1,0,0.232051824,0.647965886,0.352034114,clarkph02,72,Phil,Clark
411,1982.333333,0,70.66666667,214,20,51,8.666666667,1.333333333,4,20,0.333333333,2,12,40.66666667,0,1,2,0.666666667,7.666666667,37,74.33333333,0.284629276,0.349351221,0.633980497,1,1,4,72,190,27.33333333,3.333333333,1,-0.021726452,0.649079346,0.350920654,clarkbo04,72,Bobby,Clark
250,1993,1,125,381,40,92,15,1,3,22,4,1,19,73,2,0,8,4,4,73,118,0.274752475,0.309711286,0.584463761,1,0,5,72,180,26,1,0,0.050362556,0.651936038,0.348063962,bransje01,72,Jeff,Branson
124,2001,1,106.8,355.6,39.4,89.8,21.8,1.8,7.4,38.2,1.6,1.4,28.2,46,5,1.8,2.6,2.2,11.8,58.8,137.4,0.304608196,0.381324238,0.685932434,1,1,5,75,185,25,3,2,0.035930529,0.656055008,0.343944992,barremi01,75,Michael,Barrett
238,2011,1,93,238,30,70,8,2,1,16,31,6,10,24,0,0,4,0,5,59,85,0.322580645,0.357142857,0.679723502,1,1,4,69,195,29,3,0,-0.072210203,0.657473958,0.342526042,bourgja01,69,Jason,Bourgeois
503,1979,0,123.8,433.6,54,114.6,23.4,0.2,5.2,46.6,0.8,1.4,31,24.6,0.6,1.8,3.6,4,13.8,85.8,154,0.311018905,0.355396045,0.66641495,1,1,2,72,180,27,3,2,0.044024372,0.664331857,0.335668143,dauerri01,72,Rich,Dauer
317,2002,1,113,344,55,89,18,4,9,42,2,6,10,40,3,5,4,4,6,58,142,0.286501377,0.412790698,0.699292075,1,1,5,72,180,24,1,0,0.016122112,0.664996593,0.335003407,butlebr02,72,Brent,Butler
371,1993,1,105,337,36,86,9,7,9,30,2,5,13,45,4,2,0,5,10,61,136,0.282913165,0.403560831,0.686473996,1,1,5,73,175,26,2,0,0.24214623,0.674660904,0.325339096,castivi02,73,Vinny,Castilla
207,2004.5,0,91.5,221,30,55.25,9.5,1.5,1,17.25,11.75,1.75,16,41.25,0.25,1.5,2.75,1.5,4,43.25,70.75,0.302150031,0.32083848,0.622988511,1,1,5,71,200,27.5,2.5,1.5,-0.040465035,0.677442761,0.322557239,bloomwi01,71,Willie,Bloomquist
147,1999.5,0,133,465.25,62,120.75,26,1.5,14.25,57.5,2.75,3,37.5,67.25,1.25,3.25,3.75,5,8.5,79,192.5,0.314183549,0.412910275,0.727093824,1,1,5,70,170,27.5,4.5,1.5,0.051663513,0.678373115,0.321626885,bellda01,70,David,Bell
75,1977.5,0,104.5,301,21.5,69,7,1.5,7.5,33,1,2,15,80.5,2,1,3.5,4.5,6.5,53,101.5,0.261828645,0.326065908,0.587894553,1,1,5,71,182,24.5,1.5,0.5,-0.109435122,0.682786728,0.317213272,armasto01,71,Tony,Armas
232,1979,0,117,458.3333333,48,116,22.33333333,2.666666667,5.666666667,41.66666667,7.666666667,9.333333333,22.33333333,54.66666667,0.333333333,2.666666667,4,3.333333333,8,85.33333333,160.6666667,0.286973593,0.34439102,0.631364613,1,1,4,71,185,26,3,1,0.007992429,0.688703635,0.311296365,bosetri01,71,Rick,Bosetti
185,2015.5,0,127,521.5,87.25,152.25,35.5,4,19.5,77.5,20,4,48.25,68,2.75,2,1,4.5,6.25,93.25,254.25,0.354013294,0.479082834,0.833096128,1,1,4,69,180,23.5,1.5,1.5,0.036580831,0.693903169,0.306096831,bettsmo01,69,Mookie,Betts
51,2006.5,1,132.5,367,44,96,11.5,6,2.5,24.5,16.5,9.5,34,49,2,3.5,5.5,3,4.5,76,127,0.327930356,0.344917665,0.672848021,1,0,5,71,165,28.5,4.5,0.5,-0.026501653,0.710743904,0.289256096,amezaal01,71,Alfredo,Amezaga
405,2000,0,94.33333333,267.6666667,39.66666667,60,13.66666667,1,3.666666667,26.66666667,4.666666667,4.333333333,29.66666667,69.33333333,0,1.666666667,6.666666667,3,3.333333333,41.66666667,86.66666667,0.294022968,0.309361057,0.603384025,1,1,4,71,175,26,2,1,-0.142654575,0.713420864,0.286579136,chrisry01,71,Ryan,Christenson
189,2019,0,46,196,32,61,18,0,11,21,4,4,14,50,0,1,0,1,2,32,112,0.358490566,0.571428571,0.929919137,1,1,5,72,185,21,0,0,0.199902622,0.713659092,0.286340908,bichebo01,72,Bo,Bichette
173,2011.5,1,109.75,275.5,33.75,67.5,11.75,1.5,6.25,26.25,12.75,2,24.25,63.25,1.5,3,2,1.75,4,48,101,0.306940764,0.355385176,0.66232594,1,1,4,74,210,27.5,3.5,1.5,-0.069473467,0.717153876,0.282846124,bernaro01,74,Roger,Bernadina
275,1987.5,0,104.5,252,46,62,8.5,1.5,7.5,28.5,12.5,7,31.5,52,0,0,7.5,0.5,4,44.5,96,0.327012384,0.362888528,0.689900912,1,1,4,71,185,27.5,1.5,0.5,-0.057837396,0.717828739,0.282171261,browebo01,71,Bob,Brower
538,1990.5,0,133.75,504.75,65.25,132.5,22,6.25,15.75,65.25,15.25,10,38.75,79.25,0.75,2,3.25,5,11,88.5,214.25,0.313429789,0.416455125,0.729884914,1,1,4,72,195,27.5,3.5,1.5,0.019826601,0.723949779,0.276050221,devermi01,72,Mike,Devereaux
264,1991,0.2,117,296.4,33.2,75,14.6,1.8,5.6,26.2,13,4.8,23.8,50.8,0.2,1.6,0.8,3,6.2,53,110,0.300405749,0.36320368,0.663609428,1,0,4,69,175,26,3,2,0.0088349,0.724987653,0.275012347,brilegr01,69,Greg,Briley
141,1986,0,80,183,20,39,6,0,3,15,2,3,11,54,0,0,0,0,6,30,54,0.257731959,0.295081967,0.552813926,1,1,4,76,195,24,2,0,-0.062676942,0.72660836,0.27339164,beanebi01,76,Billy,Beane
540,2009.833333,1,84.66666667,246.3333333,26.66666667,64.66666667,12,2.666666667,4,30.33333333,1.666666667,0.666666667,25.16666667,45.16666667,4.333333333,2,0.666666667,1.833333333,3.666666667,46,94,0.32997401,0.381397192,0.711371202,1,0,5,71,195,24.83333333,1.833333333,1,-0.007625599,0.731210407,0.268789593,dewitbl01,71,Blake,DeWitt
511,1987.5,1,135.3333333,495.1666667,70.16666667,130.3333333,24.16666667,1.666666667,27.33333333,85,3.833333333,1.666666667,51,79.66666667,12.66666667,7.833333333,0.333333333,5.166666667,10.66666667,77.16666667,239.8333333,0.339053519,0.486450576,0.825504095,1,1,4,75,205,26.5,3.5,2.5,0.061014693,0.733711877,0.266288123,davisgl01,75,Glenn,Davis
231,1973.666667,0,103,290.6666667,26,67,9,1,2.666666667,30.66666667,0.666666667,0.666666667,37,42.66666667,3,1,4.333333333,4.333333333,7.666666667,54.33333333,86,0.317002633,0.298075632,0.615078265,1,1,3,76,210,23.66666667,1.666666667,1,-0.048116583,0.738270495,0.261729505,borgmgl01,76,Glenn,Borgmann
56,1998,0,149,595.1428571,75.71428571,176,34.85714286,2.857142857,19.28571429,90.28571429,7.714285714,4.857142857,27.14285714,81,5.714285714,0.571428571,1.714285714,5,15.85714286,119,274.4285714,0.326128616,0.462944363,0.789072979,1,1,4,75,190,26,4,3,0.06866502,0.742908117,0.257091883,anderga01,75,Garret,Anderson
139,2005.5,1,146.5,529.5,87.5,148.75,30.5,3.75,28.5,94,10,2.5,74.25,142,5.75,8.25,1.25,7.25,11,86,272.25,0.370721751,0.514734587,0.885456338,1,1,4,74,210,27.5,2.5,1.5,0.065297066,0.75401773,0.24598227,bayja01,74,Jason,Bay
356,1975.5,1,117.5,407,44.5,102,14,1,11.5,53,2.5,2,51,63,5,1,6,3.5,7,75.5,152.5,0.323650675,0.362094315,0.68574499,1,1,4,74,205,21.5,1.5,0.5,0.036610483,0.754127397,0.245872603,cartega01,74,Gary,Carter
552,2017,0,49,156,25,41,8,1,0,13,2,0,21,35,0,1,0,1,5,32,51,0.351955307,0.326923077,0.678878384,1,1,4,74,215,26,0,0,-0.144172947,0.760067,0.239933,diazya01,74,Yandy,Diaz
382,1996,0,80.33333333,269.3333333,37,73.33333333,11.66666667,3,3.333333333,22.33333333,2.666666667,2.333333333,17.33333333,57.33333333,0,2,3.333333333,0.666666667,4.666666667,55.33333333,101,0.314398185,0.370437426,0.684835611,1,0,5,73,170,28,3,1,0.013513468,0.76161895,0.23838105,cedendo01,73,Domingo,Cedeno
534,2013,1,123.8,274.8,32.2,65.2,13.8,2.6,3,25.8,3.2,2.6,26.4,56.4,4.6,2.6,5,1.6,4,45.8,93.2,0.308750042,0.335405427,0.644155469,1,0,5,70,190,27,3,2,-0.007746098,0.769841648,0.230158352,descada01,70,Daniel,Descalso
426,1992.5,1,61,160.5,13.5,42,8.5,0,3,20.5,3.5,2,6,33.5,1,1.5,0.5,3.5,1,30.5,59.5,0.288326517,0.371673669,0.660000186,1,1,4,72,190,23.5,0.5,0.5,-0.09386931,0.775457179,0.224542821,colbrgr01,72,Greg,Colbrunn
483,1980.9,0,100.1,351.6,52,86.3,11.4,2.5,2.1,25.4,37.1,7.7,40.8,44.8,0.4,1.6,5.4,2.8,5.7,70.3,109,0.325768061,0.314801686,0.640569747,1,0,5,69,165,26.9,3.9,3.9,0.009266641,0.778208226,0.221791774,cruzju01,69,Julio,Cruz
177,2004.5,0,145.75,540.25,69.25,143,23.5,4.75,11.25,56.25,11.25,4.75,21,95.75,1.75,11.75,9.25,3.75,14.25,103.5,209.75,0.302464566,0.386149519,0.688614085,1,1,5,72,195,26.5,3.5,1.5,0.011867654,0.779043085,0.220956915,berroan01,72,Angel,Berroa
198,2004.5,0,153.75,607.25,88,167.25,32.75,2.25,25.5,95.25,1.5,1.25,55.25,119,3.75,3,0,4.25,15,106.75,281,0.336810025,0.463570526,0.800380551,1,0,4,73,192,24.5,2.5,1.5,0.039450068,0.782273714,0.217726286,blaloha01,73,Hank,Blalock
309,2002.5,1,141.6666667,510.8333333,70.66666667,132,28.33333333,1.666666667,26.5,91.5,0.833333333,0.166666667,78.5,147.6666667,5.5,3,0,4,12.16666667,75.5,243.1666667,0.357219247,0.473353679,0.830572925,1,1,4,76,235,26.5,2.5,2.5,0.02658917,0.794798479,0.205201521,burrepa01,76,Pat,Burrell
500,2015.5,1,90.5,305.75,36.25,76,15.5,1.25,11.25,38.5,0.25,0,24.25,55.5,2.25,2.75,0.75,1.75,10.25,48,127.75,0.310263931,0.416544491,0.726808422,1,1,3,74,210,26.5,2.5,1.5,-0.027472977,0.795527763,0.204472237,darnatr01,74,Travis,d'Arnaud
118,2005.5,1,106,414,56,103,22.5,2.5,8.5,51,5.5,4,19,54,3.5,7.5,11.5,4,3,69.5,156,0.296662302,0.384506874,0.681169176,1,1,5,73,200,26.5,2.5,0.5,-0.095211563,0.795865095,0.204134905,barmecl01,73,Clint,Barmes
44,1978,0,58,173,17,36,2,0,1,10,11,10,10,21,0,0,4,1,1,33,41,0.25,0.23699422,0.48699422,1,0,4,72,180,26,1,0,-0.277651257,0.797242211,0.202757789,alstode01,72,Dell,Alston
555,2013,1,69,194,32,51,13,5,5,17,2,2,16,41,0,0,1,2,1,28,89,0.316037736,0.458762887,0.774800622,1,0,4,73,200,24,0,0,0.161278866,0.803455379,0.196544621,dickeco01,73,Corey,Dickerson
384,2007,1,125,375,43.5,94.5,15,3.5,4,34.5,6,4.5,17.5,75,3,2,8,1.5,8,72,128.5,0.299377364,0.345401581,0.644778945,1,1,5,72,195,24,2,0.5,-0.102451095,0.806984676,0.193015324,cedenro02,72,Ronny,Cedeno
168,1989.5,0.5,111.8333333,369.6666667,41.66666667,95,18.66666667,2,8.166666667,51,2.833333333,4.666666667,23.16666667,68.33333333,4.5,2,2.666666667,4.333333333,5.333333333,66.16666667,142.1666667,0.305010649,0.387237454,0.692248103,1,0,4,73,185,26.5,2.5,2.5,-0.008597402,0.813514267,0.186485733,benzito01,73,Todd,Benzinger
258,1973,1,105,258,36,71,10,6,15,43,0,1,29,45,3,2,1,0,7,40,138,0.352941176,0.534883721,0.887824897,1,0,4,74,200,29,2,0,0.333867243,0.819095794,0.180904206,breedha01,74,Hal,Breeden
343,1988.5,1,134,355.5,46,98.5,15.5,5,2,22.5,7,7.5,34.5,35,4,1.5,4,1,4.5,76,130,0.346942239,0.372192659,0.719134898,1,0,5,69,160,27.5,2.5,0.5,0.091302052,0.826867365,0.173132635,candaca01,69,Casey,Candaele
203,1975,1,141,471,49,110,13,3,3,38,4,3,38,43,1,2,3,3,11,91,138,0.291828794,0.292993631,0.584822424,1,1,5,68,167,25,3,0,-0.13552099,0.833538491,0.166461509,blankla01,68,Larvell,Blanks
289,2011.5,1,140.375,513.875,74.375,127.25,27,2.625,26,79.75,7.125,4.25,53.375,139.125,7.375,2.75,0.375,4.5,8.125,71.625,237.5,0.317782448,0.461075897,0.778858344,1,1,4,75,230,24.5,3.5,3.5,0.086795629,0.833634206,0.166365794,bruceja01,75,Jay,Bruce
223,1977.5,1,108.5,332,38.5,90.5,11,1.5,1,30.5,9.5,5.5,28.5,31,4.5,1,2.5,0.5,11,77,107.5,0.327268519,0.322404971,0.649673489,1,1,4,75,190,24.5,0.5,0.5,0.017274768,0.835939487,0.164060513,bonneba01,75,Barry,Bonnell
372,2013,1,91.66666667,310,28.33333333,79.66666667,17.66666667,0,8.666666667,33.33333333,0.666666667,0,25.66666667,83.33333333,1.666666667,6.666666667,1,1.666666667,8,53.33333333,123.3333333,0.327391261,0.401496388,0.728887649,1,1,3,70,215,26,3,1,0.021064195,0.84952079,0.15047921,castiwe01,70,Welington,Castillo
63,1977,1,98.6,290.8,34.8,73,6,3,0.6,18.2,6.6,3.2,29.6,24.2,1.2,0,5.4,2.4,7,63.4,86.8,0.311104025,0.298853652,0.609957677,1,1,5,72,185,25,2,2,-0.010631042,0.851184271,0.148815729,andrero01,72,Rob,Andrews
152,1987.5,1,96.75,238,24.25,52,3.25,2.25,0.25,16.25,7.25,1.5,20,37,4.25,2.5,5.25,0.5,5.75,46.25,60.5,0.281334955,0.253647591,0.534982546,1,1,5,66,160,26.5,5.5,1.5,-0.06165969,0.863611127,0.136388873,bellira01,66,Rafael,Belliard
515,2008,0,101,196,28,51,5,4,3,19,25,6,7,34,0,1,2,1,1,39,73,0.287804878,0.37244898,0.660253858,1,1,4,70,195,28,2,0,-0.117143588,0.874509002,0.125490998,davisra01,70,Rajai,Davis
427,1991.5,0.5,93.75,291.75,46,82,8.5,4.5,0,17,26,10.75,36.75,47.25,1.5,1,2.25,1.25,4.5,69,99.5,0.359782225,0.344101668,0.703883893,1,1,4,74,170,26.5,1.5,1.5,-0.020567565,0.877912565,0.122087435,coleal01,74,Alex,Cole
336,2009.5,0,86.83333333,318.8333333,37,89.33333333,17.16666667,2.5,5.166666667,33.5,2.333333333,1.333333333,22.16666667,24.83333333,1.666666667,0.5,0.5,3,10.83333333,64.5,127,0.319183613,0.37934691,0.698530524,1,0,5,69,225,26.5,3.5,1.5,-0.011360875,0.901521735,0.098478265,callaal01,69,Alberto,Callaspo
386,2012.5,0.5,111.5,358.5,41.5,102.5,14,4,3.5,40.5,1,1,39.5,68,1,7,6,2.5,9.5,81,135,0.364394259,0.367958422,0.732352681,1,1,3,72,220,26.5,4.5,0.5,0.046997065,0.901551695,0.098448305,cervefr01,72,Francisco,Cervelli
66,2018,0,149,573,83,170,47,2,27,92,2,1,25,97,2,4,0,4,9,94,302,0.328382838,0.527050611,0.855433449,1,1,4,72,211,23,1,0,0.056119146,0.924951077,0.075048923,andujmi01,72,Miguel,Andujar
361,1998,1,96,302,44,82,21,1,7,52,1,1,43,45,3,3,0,3,11,53,126,0.364672365,0.417218543,0.781890908,1,0,0,76,215,24,1,0,0.307607,0.931035687,0.068964313,caseyse01,76,Sean,Casey
472,2001,1,55,153,27,32,6,0,4,12,6,2,25,50,0,0,1,0,2,22,50,0.320224719,0.326797386,0.647022105,0,0,5,71,170,22,0,0,-0.037845064,0.947666382,0.052333618,crespce01,71,Cesar,Crespo
